ID,Reached.on.Time_Y.N_proba
4568,0.4139555411128498
6002,0.5093952605928366
5566,0.393180365978486
9000,0.4021808816016859
7289,0.4419906520967071
2540,0.9942000440489895
9005,0.4080460237132914
2309,0.9949475829120901
10770,0.5047222508138548
182,0.993895818444528
628,0.9936668285252851
5110,0.45839160468194495
7284,0.43575755007084577
9033,0.45475255318446683
1806,0.8444484840639187
2664,0.9928528750174462
5931,0.514742324282397
7233,0.4064779368425527
9163,0.5019292893813033
5919,0.4100517462104365
4942,0.40059563515690955
9110,0.40180355030508985
5881,0.44015587620361857
2482,0.9937694520484316
8801,0.40343401438564497
4824,0.460502209969932
6812,0.3522721050413538
907,0.994801287464665
5719,0.45037259652298617
1666,0.9948549087638467
2821,0.9939392988596399
2590,0.9949469572014269
1951,0.9935663149389231
4071,0.44393814453959335
6031,0.49637354964218594
8819,0.4469754356685499
2471,0.9944494560898236
5720,0.4841857769980747
8297,0.4551927075057114
2761,0.9947301022554225
6725,0.46904921608474553
6852,0.535940836599108
2593,0.9950660840596626
100,0.9934940975248233
6929,0.5395368113356337
2681,0.9948721537324918
8937,0.44932669126545116
9696,0.47471958154968846
893,0.8459349497117236
5664,0.42789421376049186
10781,0.46341815601017394
1680,0.9947451071879159
3013,0.99336677358857
8116,0.4171890420094675
8386,0.4375883222199115
9017,0.5277426486081246
2027,0.994639250192878
10873,0.4331790311702493
3144,0.44898444150028416
44,0.9934940975248233
833,0.912816545559453
8280,0.43544385472442637
9852,0.3941358011524068
9157,0.4512350856583866
8552,0.5575834003608781
3607,0.6624524316333784
213,0.9936788845801967
8913,0.4653033818078736
929,0.9924307848612268
9354,0.5424199140186153
2411,0.9923916097853962
4839,0.42386695562401727
3460,0.3879314737358155
3572,0.5820550522767849
10553,0.456539428034655
4427,0.42819760462275624
3007,0.9950951201640522
486,0.8927710184727401
5678,0.5539624940483443
5193,0.4498554757741566
210,0.9925544027833428
1020,0.9930987309690738
5451,0.39214346246020715
10810,0.5213631165011767
4733,0.4223304225815126
9130,0.44292512608382434
8054,0.5137164545400322
8292,0.4447690909878566
3123,0.9928015433316407
2046,0.9937756023943752
702,0.9952550545538662
8613,0.4569172313988149
3552,0.500381031732038
9054,0.4773553355418477
881,0.9944419638895762
6454,0.4756349809467966
9312,0.47716679061098255
2968,0.993066019247681
9434,0.46733702180900455
1955,0.9953594454761335
9999,0.4811261510455653
3648,0.40100731241597254
8539,0.5881115306748755
8556,0.5725944607505522
5872,0.3429587273105218
1627,0.9945063692457172
9162,0.4735714156620924
9917,0.4306899537218213
7443,0.4139266361679591
101,0.9935663149389231
9724,0.4140589505793369
5059,0.29419552395262377
9832,0.4518430612031609
2379,0.9954197343702502
8847,0.4741514248342186
431,0.9953594454761335
3777,0.47121283321347196
8489,0.4363108528868725
6817,0.5072743736502151
4106,0.4575173044331448
6174,0.42103740793712885
8966,0.40290351332856306
8314,0.5745153355005627
1237,0.9943803715544842
10159,0.4608046550859498
840,0.993847835251465
4798,0.5135879843141118
5733,0.4949892040709799
8183,0.4444491892070843
8619,0.4165522739813974
3703,0.41304720984196763
8537,0.3983951959292816
627,0.9950980244044164
10250,0.43732037696080434
579,0.9935054241360871
2913,0.9950120026109371
9462,0.5077458372671215
5680,0.44051219638408423
4439,0.36236786920398567
2745,0.9930073138141224
4516,0.4125650819432
2737,0.9943308817948926
8277,0.42268687553664985
3562,0.4882773195749419
5865,0.39710260910285433
4700,0.41959772444633425
8124,0.4248431944246691
5653,0.4422573950996059
5501,0.4521606330867605
5022,0.5453444893771975
6936,0.45845410984958884
80,0.994545391841428
9247,0.43971356117342364
6043,0.47171454417369646
2538,0.994954951268355
1703,0.9953236679582481
9591,0.4029302886460613
858,0.9936162157473787
2498,0.8589733932892247
2239,0.9945462747210924
5030,0.4091520295685629
122,0.9952060917872694
6114,0.43411134737397894
8468,0.5294764674167174
6017,0.44403901367290033
3440,0.4721192123049114
7913,0.419843587746315
3876,0.4349069071050731
2839,0.9947945483443064
5786,0.4710394782760623
451,0.9950170619942083
5011,0.439471131469614
1553,0.9946539320920497
10932,0.4473532682548954
559,0.9938272766928675
6374,0.42515194309995064
6717,0.48866437175234073
7112,0.4618272180989106
2626,0.9935663149389231
5744,0.42574438653068103
4021,0.36235467906367885
1213,0.9948135177863139
9058,0.45396944433999087
6158,0.42424633213028196
7006,0.41512173885560416
7032,0.5325390415311602
6652,0.5016336796119907
5724,0.4546855172030784
1207,0.9933626184810267
4718,0.43682062930443744
3047,0.9374550584027408
8065,0.4484370225148246
763,0.9924508423971148
4924,0.4291836716895608
2649,0.9927576318182888
4225,0.3689795885772729
2949,0.9950713221558382
2215,0.994799420907851
4112,0.5746149588706386
3088,0.9946076981641299
9926,0.4532601058866313
10981,0.4594537111710164
6112,0.4966086811010623
954,0.9934728287690031
5642,0.3990215002729207
3838,0.47033910611242175
8755,0.4102638626966798
4085,0.4793067413639085
3487,0.4631514397076914
9823,0.4739401451792244
6324,0.42082300132345
363,0.9948915766874805
6355,0.5411365131575175
10537,0.4540156816834381
5450,0.37013654461178774
7308,0.5236999390585724
6062,0.4512822220246855
10239,0.690037201587228
7303,0.4096999998739293
6850,0.4752818456854273
7426,0.7153278701140183
3108,0.9948391885200578
4244,0.38957114218872807
23,0.7981780860002907
10156,0.5929821587541062
7813,0.39885381821810856
1139,0.9944251772056375
778,0.9949178363797279
5128,0.5111730830671318
10406,0.4310540231368278
3804,0.4405373261151023
5860,0.4186241858510675
5139,0.4088730534562524
3894,0.3916883196526865
6614,0.44734897773403465
7973,0.4349049040424412
6046,0.4992526843337775
2050,0.9950170619942083
10043,0.499601145114176
3530,0.4356464837417546
9444,0.49496405275646127
4023,0.431380106880524
10953,0.45976178941886575
9879,0.4675551494482513
8607,0.4695183961456683
1525,0.9948381575184307
3602,0.37733620235332077
1470,0.9940680655329831
10993,0.46330194686255294
2754,0.8569673209337494
1431,0.7055745926818112
7812,0.493191272392944
543,0.9950501527489213
8907,0.5250916396650497
1346,0.9346867127987778
6092,0.4115516615668051
3029,0.9916141188760011
9889,0.4912888522382678
10963,0.42008543259387165
1515,0.9949874510786173
2834,0.9919876433569595
7965,0.4759460360481233
10125,0.4403455665131389
7255,0.48376911313647875
3413,0.36568360117259563
1317,0.9950120026109371
5465,0.49438006513474053
3807,0.381296204825335
1963,0.9915893554612698
5281,0.48914980813065456
3177,0.38983672083740534
10969,0.45642970315614195
7076,0.2986236280674324
2999,0.8549967382708017
5000,0.4349069071050731
7777,0.4299702190335539
6532,0.41318606542870656
2991,0.731437956970624
3727,0.4504645194253806
193,0.8249991966773624
2650,0.995090788614685
834,0.9939161501189077
10077,0.44493879128200703
9458,0.4555927291430048
7265,0.39623730041544425
3910,0.3522142469704261
6346,0.4915510965196227
390,0.9922634302399401
10414,0.33136383480872217
2153,0.995098586531292
4634,0.4429915061044806
4350,0.44749301833978294
508,0.9348587489977437
10246,0.38193902056318807
1122,0.9303658762901884
1839,0.9952315131902986
2971,0.9954016933812246
9475,0.44910317475745265
1571,0.8996963459101608
5534,0.4730476597794014
414,0.9956538991055051
2487,0.9929220800152004
6719,0.39040028041447694
7025,0.3877357313249466
7199,0.5666416449009486
6494,0.7735812458047462
8379,0.49301531475443483
5049,0.4051418285813112
177,0.9951617061222033
6472,0.49474179355671016
1217,0.9948250127433409
5385,0.4152351357395087
446,0.9951530805400425
296,0.9948901576434873
7251,0.40221018144927345
4468,0.39733234406206913
980,0.9935663149389231
4041,0.4334822478998472
1791,0.9933010561296295
1022,0.9949614246344307
6107,0.5210055781460674
8810,0.3503202168947772
3017,0.9956418329338772
4752,0.35921881484300483
6639,0.4054023826431744
1565,0.9243671761799374
8825,0.5184059808161947
8586,0.47653454231760145
1668,0.9934135640646627
6185,0.44138573104665146
5179,0.5418489013024262
4823,0.4746515783271599
8220,0.5826174343113343
3877,0.46452238377366223
1,0.993689717028919
9833,0.44479540713778365
5572,0.45955867811119455
3341,0.419843587746315
8535,0.3944714838067107
611,0.9940727778273853
5460,0.4611382258751963
54,0.9939669320125483
9235,0.4483510502931429
5447,0.4340467547292776
6673,0.41784949587659365
4608,0.40267832871105763
3857,0.43860190793722803
2638,0.9933801457972428
10545,0.5160229433412162
5730,0.4554846914114283
334,0.9477122749263338
3492,0.4289884539402085
2130,0.9925274145437544
9872,0.4846525710163677
10294,0.32557678367662757
1365,0.994364110462382
1125,0.9921470248499046
9578,0.39058458864059276
6911,0.45320107242349245
9278,0.44157799945323917
10480,0.4646825938296176
3689,0.38953738964788165
9601,0.3818706418491665
5039,0.48719189028766274
8406,0.44010494880230977
4655,0.45477386977453826
2583,0.9947826330728444
10554,0.40252310970641286
9350,0.5400610015762195
4930,0.51193692055174
1338,0.726966621082479
7799,0.47196350134023923
10894,0.8165377411009335
4755,0.5025561663952106
1950,0.9945783395419259
7564,0.4583419778935071
3776,0.5011270712635398
2427,0.9946534228910167
1617,0.9944158955747087
10834,0.47752228007126596
7699,0.40124447042628897
3564,0.39472515939070557
1573,0.9947639768447278
2633,0.9950170619942083
7399,0.45184637475034195
10152,0.4458246651460396
5492,0.43202483956763077
4042,0.418087616887563
500,0.9951247635945375
2083,0.9948391885200578
8655,0.486103478056498
3618,0.3697037440893028
7065,0.32474095905058065
9563,0.4460122837163509
6824,0.718875795446184
10276,0.38335463184565555
8954,0.40694637188954874
5547,0.38739464827348064
1751,0.7252752735238883
9760,0.4068970662833378
7106,0.48748140786626804
10944,0.43750221555137175
10916,0.43697235959548214
6617,0.42930184952697564
1669,0.9937203768497561
7543,0.47210055452676936
4931,0.4572925874914238
4414,0.41409551028903974
6416,0.45244882251311563
1089,0.9955444758657448
1373,0.9935012535990679
409,0.9953499814705855
10453,0.44166836935077736
1426,0.9947738285182606
9216,0.37971626775282624
5278,0.4728631396642629
8934,0.7261964619941497
8812,0.40668852866678235
8123,0.44673143974269536
875,0.9943009487109752
8629,0.45194921348297645
10251,0.41344213433353666
10835,0.5277571551076196
255,0.9932843552295959
2944,0.9948935872415476
1044,0.9948721537324918
7569,0.3917526349152734
789,0.9937811416830827
3757,0.414474880120407
8011,0.5049101358487953
7302,0.38882555514070594
10490,0.5425593841579798
8612,0.5045854544429437
2305,0.9934940975248233
7671,0.4930134476701519
6148,0.35847153926782455
10972,0.4656748572494823
644,0.994373848267948
4126,0.47639352475148744
4496,0.5489398614618576
746,0.9874947434032021
5081,0.4547692336712276
9307,0.4235177499801309
5005,0.44343229458494776
1577,0.9950616244837549
4865,0.43545115211991253
7933,0.4357066316508345
7189,0.4720037238049207
3817,0.3991857753603296
10701,0.6312562416870764
6403,0.3991857753603296
4962,0.41210806415667917
10320,0.43084501490340804
938,0.993747801429858
7120,0.43079475473757195
4455,0.644303343919314
902,0.9953594454761335
2304,0.9951530805400425
5640,0.4275054482267511
4466,0.45248646915813623
7880,0.4307164286807043
6564,0.535024749797403
8643,0.49086696494157656
9232,0.4436632433329127
8095,0.4487502129828329
4168,0.41216115262734504
6519,0.4821232677981103
4148,0.4340077365218002
2978,0.9950038957405662
10465,0.47114919632314545
4408,0.5695895041956536
1329,0.9950713221558382
7509,0.48931265548243097
7948,0.48296651746132746
10128,0.4308902306475621
279,0.9938059207597334
10082,0.41178961747128706
8926,0.4852342884723445
345,0.919550899093122
4030,0.3939499301145948
9064,0.42272849293227044
1360,0.994545391841428
1088,0.9936995003668865
6942,0.43025349310309047
1687,0.994855121263814
3197,0.564906045428503
7359,0.3941887148634065
7273,0.6162102866232835
7727,0.4501363975244669
9610,0.4375883222199115
2115,0.9936206457189415
4940,0.4328395827399903
1844,0.9944717667912848
5796,0.4000160083257952
141,0.9949947568257406
989,0.9949280172446778
1332,0.994747763333609
5346,0.4660435500842821
10163,0.44112042867804124
1559,0.9929413326035055
6836,0.39908090879711927
8413,0.5400521724646605
5124,0.40815889205015504
5770,0.4513647283901721
8829,0.47790501073004765
9677,0.4797384914805214
10295,0.3976918884161658
3412,0.49671976091366155
328,0.9931257431035975
10462,0.4408442454654452
7666,0.412650695007515
6230,0.49522155839455634
3560,0.49411708634159796
4534,0.43077483445620846
2146,0.9954016933812246
9176,0.44944904998361024
4110,0.4280756532140874
6087,0.4137314521058328
666,0.994747763333609
4711,0.40194942372728804
7447,0.4169254638804886
1247,0.9932283560702366
6095,0.46038375964746525
3541,0.41630651374037236
6466,0.44634097559845143
2449,0.9942141429064613
2139,0.9926657499055668
6272,0.6700293253042372
5993,0.4405373261151023
5939,0.41340550760076766
1562,0.9948250127433409
652,0.9936500282845117
9212,0.39315525268873547
2527,0.9948381575184307
5151,0.4180852214815786
7527,0.4322163054998591
4169,0.383174011212166
6106,0.44494585253406177
5327,0.438307270450817
9139,0.4430155369763131
10955,0.42865820425309453
8958,0.4281121603835858
9249,0.3992396685619088
6668,0.431353087147462
10402,0.43579197619146615
2675,0.9951530805400425
9230,0.9213086382113342
6014,0.5052930744346147
5121,0.42017468432136884
3416,0.45513166146076994
10485,0.43334134489159115
7027,0.5368291894011902
478,0.9945337210640829
7718,0.5132576795203472
2615,0.9935344996579144
8433,0.40221018144927345
1240,0.993895818444528
4240,0.40230084207539746
9338,0.36132710939016977
9401,0.5579527706754862
3811,0.4411934910255203
8889,0.42427697643255596
9918,0.4744497227217074
3137,0.49467526789185434
894,0.9946076981641299
5009,0.31800207258607316
1730,0.9950614600997397
4221,0.42250365517628863
3352,0.4124111052849938
7747,0.4507674183956067
7916,0.41410047768484
9524,0.4761950468315899
464,0.9949653908881161
7465,0.5461889718271705
6498,0.5477345141896468
606,0.9921060417783292
10339,0.45754165193337043
2325,0.9890488113667617
1414,0.994747763333609
10428,0.3985151077013381
5028,0.42650866336761767
3000,0.9934940975248233
7585,0.40966560667105456
8849,0.4787982029326159
2987,0.6651058579048287
2175,0.852687410654868
5218,0.4525094186573234
3638,0.4593475445078747
2245,0.9922319267863497
6559,0.4417850188223177
7959,0.47285739827538
9933,0.4410171147714537
971,0.9926105683559264
7424,0.8167792338669769
6086,0.4419906520967071
6636,0.43186061312460267
3306,0.4101392838545982
10185,0.5408332440493165
286,0.9933368025718139
5230,0.4193931839320916
5802,0.42566363941678587
9646,0.43348606577673343
1759,0.9928766697986353
3575,0.44120844508668633
5694,0.45932701920217156
6921,0.4638898961201552
3153,0.4464391807808407
7224,0.4399074702624556
10217,0.44257215405246914
9243,0.41949192582398104
4672,0.4792421883401686
4431,0.4443448169541179
7151,0.4724704251172405
6531,0.43716316092359675
6510,0.479864345934526
5613,0.3952205882963214
3202,0.5669454505556907
2123,0.9951530805400425
10050,0.43647145153134137
3832,0.8562052676078823
8141,0.5363524212628112
8050,0.8328563648967073
9938,0.3967405380671401
5961,0.455754993326504
8833,0.4147781530916045
6855,0.5314631222132851
5675,0.4766917115658707
7632,0.42128005201883273
3676,0.4349069071050731
7446,0.4105551055109958
1830,0.9944244872716431
10393,0.5662999657685176
5527,0.4586798459421139
5676,0.6277813734356655
8857,0.4592836498915368
3864,0.3945107723968096
7771,0.33394427963117135
7493,0.7276911801108636
1193,0.994747763333609
5343,0.43514363564087283
3375,0.41711184461031814
4170,0.3530332131632526
218,0.9931879725250656
4738,0.3480242191371698
10423,0.45828406640868713
10097,0.421878205208425
9660,0.5488575066240693
8923,0.47740062128025196
8221,0.45653090127799184
1045,0.9949469572014269
6797,0.41067964486246844
9251,0.4031625932218969
5109,0.4441483697196021
5737,0.3761227824694257
3355,0.4249098721684182
117,0.9897880940056986
2876,0.9951082418982641
10907,0.44038980679452167
2858,0.846699755746647
10992,0.4501292916785404
1895,0.9936995003668865
956,0.9950038957405662
10093,0.477529068662477
1603,0.99443340800253
9751,0.43548957482197204
7892,0.419843587746315
6094,0.3863154530832701
359,0.9942419136903674
8700,0.42241702373745843
3862,0.5013043150080001
8087,0.4607055884434248
985,0.9941183946757745
1783,0.9955928096419993
7824,0.46987760145854723
2201,0.9907077953218798
6445,0.40619827532815955
5972,0.4211315868069366
8728,0.3348243695282255
4926,0.47696547153698465
10389,0.4710017617125819
3254,0.45191608443478426
7275,0.46371157781698985
7864,0.4079597460902491
9447,0.4725851164931168
6950,0.4422573950996059
6422,0.4382922132490121
2790,0.986925639150014
924,0.9934135640646627
9730,0.37717217387518764
2602,0.9951784571281063
4986,0.8308955617529798
5761,0.5033606221859562
2967,0.9931893366011985
6145,0.44245013250320736
1709,0.9939631708706723
4501,0.3585929635967696
3067,0.9936377194693202
7044,0.44164761362494415
10570,0.42804410745172267
2859,0.9945337942743473
4648,0.45889197056563336
4228,0.4757447260376689
8126,0.3799791231438051
5854,0.43822190221082763
7206,0.4835300919215144
10031,0.4405373261151023
9048,0.40585272117003984
4546,0.506656342588891
10289,0.483349211604101
10791,0.44051837684666384
2665,0.9949469572014269
9565,0.43993063259271337
2644,0.9954016933812246
6710,0.46010171941443084
197,0.9937152562686958
7246,0.43440142541583515
1601,0.9951038225971457
8664,0.4486819122539175
266,0.9858498067617124
3597,0.5370787425218035
1926,0.9928837065899195
2795,0.9932537287593544
6007,0.47997225551613176
8566,0.4512281679268878
10735,0.44229369345744274
9210,0.4094858374592655
9687,0.45418456270202207
7421,0.5203928961879928
1191,0.9949275340165102
4311,0.4047103121043124
9723,0.5123105041512851
10355,0.43125745736339344
10612,0.3609437711589388
6505,0.4851315231968418
5827,0.41959772444633425
9869,0.44257397282149175
1420,0.9935663149389231
6823,0.4637536246908253
6153,0.4781988971819832
8804,0.36849844594303743
2531,0.993097678635847
8211,0.4169319552815108
5430,0.43218640011206444
2990,0.9871142225701959
5778,0.5544125599931515
1986,0.9937027832245244
2852,0.9455327193955222
3589,0.44013477715521787
9471,0.44543916747014184
4743,0.47529130713644613
9624,0.562915629818228
897,0.9918978564532037
8216,0.40872200603289083
7547,0.4741169870441165
8294,0.4911946040545939
10502,0.4289971945779781
1452,0.929908755985257
9943,0.5030644961037977
7000,0.4689186903061498
9886,0.4280373347200287
192,0.993116356399786
4241,0.4575802969155585
6827,0.4654328903852868
3101,0.9955928096419993
1997,0.994799420907851
9641,0.4375883222199115
5636,0.4591847846085464
7285,0.4421253479206687
2095,0.9948654616588068
4702,0.40750545339230765
3815,0.4919730583286205
9192,0.4809968691636315
6025,0.43547530415242386
8648,0.509675677216178
3651,0.4227447419970075
1384,0.9928794197696333
2029,0.9948135177863139
8598,0.45160556625499204
7031,0.44117743820645705
4999,0.45734490703524855
2394,0.9929743482577538
9410,0.49667307486964496
4856,0.550691797771654
3128,0.9951530805400425
8521,0.5867709061826334
6981,0.40044308983359855
9371,0.5033231440091832
1613,0.9954016933812246
5036,0.7943209039193622
9976,0.37787052762295187
4947,0.2686405113247756
9822,0.4177028154160723
4539,0.38293307894517725
8062,0.5197562047841242
5725,0.5208740417446887
10896,0.4783671447444397
5206,0.435785198943313
10362,0.4219159782874844
9310,0.3858225288094496
6367,0.46463089418483966
10750,0.7231600681758014
10438,0.483567622356512
10613,0.645670800574257
8060,0.3823025936016514
7191,0.4093636251751994
767,0.9950651712892536
4900,0.41396467792014474
8437,0.4136014231427881
9122,0.44963115092822825
4946,0.5399157827971877
4295,0.47482226628771906
3163,0.46055521471995087
33,0.9948724302217162
10024,0.3995464702031768
2390,0.9927450846881757
5296,0.45462141594870464
2133,0.9946172890595448
10399,0.4700900379533835
1985,0.993800830888973
6839,0.4583639716537318
10397,0.3935149106889655
5654,0.4038473423209565
1080,0.993116356399786
7861,0.42650161007039916
9224,0.38141650369527713
4708,0.37031646106556754
9619,0.31380035897541514
1274,0.993895818444528
2436,0.9945783395419259
6437,0.447872368890556
3043,0.9948250127433409
5052,0.42565540502803834
6672,0.5003591946232995
9098,0.45068037341386913
8370,0.45222009023094856
2891,0.994125472034738
879,0.9939035616339346
8443,0.529874600089118
2736,0.9950616244837549
7638,0.4391182858373117
4780,0.41278353817880975
6419,0.4436322157548772
9576,0.45147377769833563
4717,0.40752744367705285
8212,0.40620167936397295
716,0.991858568555531
4435,0.42785307875161643
10608,0.424641719248772
5463,0.4686518718853155
2036,0.993097678635847
8580,0.42894922802534524
977,0.9929549065788266
3632,0.45165885526985516
3801,0.4093483007782814
4875,0.4193853960886526
7220,0.47984408070845036
4735,0.464609195367081
9686,0.4681298495604471
5533,0.5218535573779768
10569,0.4212366425825771
5943,0.44199773353703165
9792,0.40143294380556616
7070,0.42757078300156226
6222,0.4594349571478461
776,0.9944717667912848
7697,0.40944046253893784
2385,0.9949275340165102
4376,0.422519132118526
639,0.9933655554909419
5996,0.4317596104995556
2910,0.994747763333609
10765,0.4379722551018317
4422,0.3956163061337999
5235,0.48084984167087236
10291,0.48814359206578983
7588,0.4073885912968303
10605,0.4272092304234534
1620,0.8377921843658283
7675,0.47254232035863786
6265,0.481424620188674
5211,0.40758799583620176
1981,0.9937312292820023
5377,0.4483496322345685
2190,0.9953236679582481
9369,0.4595534973450336
3767,0.4018620238477038
10882,0.4408201141305682
3746,0.41692636151230156
8841,0.4837535241851599
602,0.9941183946757745
583,0.9930906426580055
2181,0.9948812766807419
10191,0.4253999858170249
6828,0.49426588984204006
6395,0.4375883222199115
4515,0.4068329949660005
8975,0.3986264415340881
2674,0.993804202014793
4371,0.37035508591903005
4613,0.369052043870033
8628,0.43890149017239816
9306,0.423975210584825
3670,0.39213068558270847
186,0.9952198208532255
1066,0.9922044730244708
1813,0.9549196740068001
10845,0.29241433804643796
7928,0.4201795082282312
7060,0.4252568521554893
6428,0.4428829913284368
1165,0.8782711761606491
8452,0.43704313559676117
1563,0.9937113204130283
7599,0.548412324323162
1965,0.9938458359877915
4904,0.4662661743351792
10477,0.43410545738268624
9361,0.49273967493475423
8678,0.41100438196209504
726,0.9951082418982641
2347,0.994639250192878
10037,0.4190309356568155
3333,0.391975889713894
8094,0.42277922571774657
9930,0.48050407211941426
7485,0.4356018360030464
3351,0.37802100723314946
554,0.9924683659495479
10888,0.41398449178371716
626,0.9946756272172427
4955,0.43971356117342364
5938,0.46575008460577866
2254,0.9941183946757745
10532,0.4442970338379535
6342,0.39129607914273423
1646,0.9936451333024482
4694,0.42966259119283534
9186,0.5516751696056637
3601,0.42228890710257183
1441,0.9949475829120901
4965,0.3793806879773146
8809,0.5046355377392235
1454,0.9945701420762731
5455,0.5445164635993666
4325,0.468545118870516
3290,0.4337367631993284
4932,0.48995199035016845
634,0.9927450846881757
4048,0.6446897595887894
6738,0.42819557227486094
10194,0.504047449575099
7827,0.3916188414199711
8837,0.47908713978955564
10346,0.5989281484422877
2854,0.993895818444528
5470,0.43594145098106524
7938,0.5697525627419692
8081,0.5226310175740461
6143,0.4224920491770815
8491,0.46544487906748305
9178,0.8605761600680905
10157,0.46678990709135726
4576,0.38503823414768407
5880,0.43704313559676117
3193,0.4921110610290508
1450,0.993800830888973
10049,0.37674428016731915
1530,0.9935663149389231
1717,0.9933639126447787
5137,0.45154628776925226
5219,0.4762180117654543
7004,0.4510709271736886
6545,0.5345918833149822
2497,0.9948250127433409
3248,0.43545115211991253
8679,0.42765475733319364
2134,0.9954016933812246
6435,0.4407781186353485
849,0.9948086725798118
1880,0.9933491626234653
8409,0.40349844419841524
6901,0.4848040170602199
817,0.9933155129144909
690,0.9941183946757745
9519,0.4445193399866059
4630,0.4413664333560909
7109,0.47284226825667325
2274,0.9951530805400425
10718,0.4422403958381762
4482,0.36626584952977037
7204,0.48012499259707264
94,0.9951038225971457
8774,0.4181932794147506
7474,0.4797949568241974
8715,0.4001298560117166
2269,0.7899518935974363
10654,0.3750684729215074
8029,0.5453862617724595
2939,0.9915942642108359
9813,0.4905468279380623
9945,0.512979860577379
10070,0.4194666215543136
6507,0.5449757577481615
10571,0.44321641291199176
2184,0.994639250192878
10708,0.5299117514655278
10052,0.5119224694414775
10284,0.4756775491756465
3093,0.9939949463245036
7381,0.42058326031702503
10705,0.47579948440492625
1794,0.9923952798628572
6480,0.4524635244808733
7402,0.5005278465988077
1736,0.9950660840596626
9231,0.4808305667286567
1763,0.9942671970419482
3828,0.6939453909298801
8639,0.748518982821818
10725,0.4646332040936386
8572,0.4319039476555029
3267,0.396147845451159
8035,0.6069657944610387
9302,0.41588523213341466
8419,0.3705829222148719
670,0.9953499814705855
815,0.9936377194693202
10939,0.45858201294008044
3880,0.6547691207568352
5960,0.44617632901253074
7345,0.39639158143354936
2367,0.9954065768222218
2637,0.8470232750503514
782,0.9940464394667706
10006,0.46907268974898336
7926,0.41562459443249966
830,0.9953594454761335
5058,0.42918672221945037
5885,0.4378544931354107
4423,0.4215437383107349
9656,0.4386445122336479
10366,0.483389744822679
1989,0.9945883167875356
7093,0.42686340941895734
10729,0.49766262169820524
3847,0.4284078210597349
2838,0.993895818444528
4517,0.3899032402826078
1069,0.9950170619942083
7194,0.4671054008790453
1718,0.9942344364148735
5071,0.4259863243298326
4191,0.41717737930251686
8456,0.43277533311567246
6808,0.45839160468194495
6011,0.45753536675423356
2463,0.993580525354625
2702,0.8960731292987466
7414,0.39818509738093466
713,0.9948562801732932
7010,0.5729455140460785
8393,0.47677459643084835
1987,0.9938484860102738
8620,0.3857157850611713
7096,0.44424456932248113
8702,0.439465921674356
3224,0.4796102419640924
756,0.9948250127433409
7635,0.39378142276990846
1074,0.9939570127610056
2213,0.9937078244726258
8686,0.3912512631707458
6937,0.4331790311702493
4846,0.4268799532500824
2669,0.9941183946757745
3855,0.4279697918560073
6734,0.4372460231932108
9517,0.40669529715857006
5903,0.40289067961262126
1834,0.9933491298628891
3011,0.9522534448776578
2180,0.9187758514431094
4603,0.43925736810951693
9363,0.4662098485096857
3091,0.9933491626234653
2903,0.9951356424475113
1141,0.9318445494288825
5864,0.4729528010489656
124,0.994747763333609
1392,0.8542408186328492
3473,0.44819143693390256
9508,0.460143828053582
7808,0.4794169560090864
2577,0.9938289890765254
9014,0.4301102886038827
1879,0.9934002668142795
2078,0.9897373350861303
8649,0.4823675244581298
1364,0.9947945483443064
7794,0.4470205818066674
9824,0.5623763110353848
7038,0.34431750508037856
8189,0.44502842500236744
457,0.9945337210640829
8803,0.4223222003618706
10868,0.4405373261151023
4984,0.3852279888088675
5984,0.48838299249611156
1173,0.9940850821504724
6141,0.4187311084615871
6581,0.4221782504065342
5423,0.45941464151630784
8049,0.5036431626164988
6237,0.36435359098258296
6938,0.47320615279835176
4689,0.4905468279380623
9215,0.388333123168725
6548,0.4577840605003256
3031,0.9949042163343429
8748,0.4331134866674474
6135,0.44847216911272125
6224,0.5095047638519378
7282,0.3669120400101746
4667,0.437263367043538
5159,0.47135721059397473
8500,0.4433759250091668
6664,0.3883039973151234
848,0.9948250127433409
8025,0.5012002418759186
4206,0.4480516881909654
7691,0.46849740519193156
3851,0.4388657160359731
10373,0.44431469939135143
674,0.9948721537324918
4847,0.46544402154952136
2037,0.9918978564532037
428,0.9945679512686697
8445,0.4330142587143316
6622,0.43925736810951693
6471,0.615242380172631
6562,0.7103055361549754
2642,0.9935663149389231
2294,0.9951038225971457
10072,0.43824448725329873
1612,0.9935663149389231
895,0.9949469572014269
6488,0.4340467220357302
3535,0.5614844776627702
1302,0.9950170619942083
5551,0.42757078300156226
8705,0.48739676843384083
463,0.8602204906559919
4317,0.4410209139903639
2794,0.9951038225971457
3517,0.4527282525993164
3652,0.42457747692419484
10342,0.42216221193453474
2382,0.84442001406622
6433,0.40468492115864313
2376,0.9950660840596626
6359,0.4478937394853232
1016,0.9951530805400425
1319,0.9933671644138745
4588,0.40531194975297874
3544,0.5636056099438592
6076,0.4360728355127249
4697,0.41720479784407444
10001,0.45331320100625166
3232,0.3671781258769482
4599,0.48612291953201603
7514,0.4799557531560569
3775,0.38270011066833687
7876,0.42491243784014066
2448,0.9946410184072487
2570,0.9890419401883234
10106,0.47102524852092725
2188,0.9935012535990679
7422,0.5652354879300951
8442,0.5682540444527867
1094,0.9950837468916689
5024,0.4770666376822654
770,0.8964259405937708
1405,0.9935663149389231
5289,0.6287110666151612
6589,0.44058288914496924
2042,0.993800830888973
2242,0.9934940975248233
394,0.9935663149389231
146,0.99551322963867
1216,0.9945783395419259
4767,0.42152377561078563
4919,0.4281689039282972
3755,0.5972295876897386
9425,0.5118049234274976
5519,0.47740062128025196
3441,0.4681809590044233
10021,0.4574381470048514
2958,0.8439596163545525
4203,0.4409297535328287
1261,0.9951530805400425
4339,0.4392317198364524
1479,0.9940539875229052
2022,0.9945208277636033
9536,0.3650655876641003
2430,0.9934510253168464
5468,0.4242695919536631
8478,0.4434445260024536
8859,0.4421536988950942
6894,0.4261031542178068
9775,0.44666405842261026
9780,0.46375755578604455
2041,0.992145315246827
6392,0.4200525080960058
1109,0.9950614600997397
2668,0.9922319267863497
571,0.9295637309319095
1502,0.9945081627563921
9828,0.4357336708236597
6785,0.40402033882896815
2572,0.9832685945401669
4290,0.4160099545312507
8718,0.3220106834412465
4196,0.42624036266846327
1154,0.9941031513341302
5099,0.43729712365199863
8330,0.45351877906313254
3637,0.4476461506507136
8276,0.4669779826218837
10947,0.44362281839396217
9242,0.5696730395793166
9844,0.46356114447771546
2689,0.9933570433211758
5321,0.43572649147171055
1529,0.9924993689627374
3628,0.45128743841631686
1744,0.9921623568200562
6693,0.428572310312224
3674,0.4158590555659058
1155,0.9939282946426448
6263,0.44583636283761485
6329,0.4252741434097266
10391,0.42855577163540337
4410,0.6986270706878778
7990,0.46013150303695644
5422,0.6708254017437866
9096,0.5355757309254748
2179,0.8484598519935554
471,0.9934228991686672
5979,0.39945028914913394
1053,0.9951923162200682
8128,0.42470545874202104
6070,0.41512173885560416
10086,0.42457747692419484
8388,0.4659975806578291
5353,0.45374948126643183
5685,0.4613927553019746
4715,0.43644963875249787
10073,0.4275054482267511
7148,0.5031875721914386
4036,0.4819244057506518
2380,0.9952198208532255
810,0.9954016933812246
2316,0.9935883986203079
8775,0.4385165923684717
8603,0.45417355220106614
3207,0.34644030365153633
10301,0.41671591001879305
6954,0.3846738155347262
7629,0.5392824696558952
6286,0.4675660841951268
4017,0.42171240287452594
10883,0.3913388577315652
217,0.9583757801787753
9117,0.5226517788881931
2993,0.9944764043259025
6182,0.4794169560090864
6648,0.4732052605473103
572,0.9949036871511534
7912,0.4470205818066674
6884,0.4660175907448278
7705,0.4846115465187873
10107,0.4031473303269969
6492,0.46058015359035387
8145,0.4793582909126481
1123,0.9941273471913119
1630,0.9940014462114592
3509,0.42931483372915535
3359,0.41077803383148087
7272,0.38216824797577753
1110,0.992970499069235
3667,0.4655638986986383
8093,0.4637096304728742
9521,0.44183027124964946
7250,0.4354826693952171
6219,0.3988779677218802
4003,0.5116327536976483
2962,0.9952060917872694
3555,0.42250365517628863
10136,0.41701690704032973
4057,0.4371708520529089
3015,0.9957734654238398
10332,0.4219159782874844
2763,0.6361272417269558
8003,0.5099084941809223
7052,0.4825020958216104
2166,0.9937312292820023
1900,0.9959896832924976
1511,0.9936092589305815
2044,0.9943496489633054
9480,0.44315617714309535
5369,0.4193825320627258
8205,0.4322163054998591
4789,0.3186267717952497
9088,0.4343650607373093
621,0.9940959238884776
2318,0.9949233909603487
903,0.9949624459270083
10614,0.4443379096800546
172,0.9924785625474363
5625,0.3974741802611153
10387,0.4696149476758611
568,0.9952113236024985
7159,0.43341682337148457
7059,0.4014565426829876
9391,0.3794722037527644
1878,0.9940998992191362
5479,0.3717398464023756
2817,0.9944615352024033
7321,0.56419757980885
399,0.9938289890765254
370,0.9948250127433409
786,0.9925544027833428
5994,0.48174444189125276
7377,0.4037025520027172
5718,0.4190295359084644
4132,0.36889099395286484
4848,0.36710423528084535
4217,0.41755283372214924
3483,0.4272229185662129
10905,0.42360764759786634
999,0.9934959017312794
2777,0.995079163408868
3319,0.4510405722886969
6619,0.49876000805857096
7798,0.4241975443386862
2582,0.9935663149389231
2648,0.9947896821435837
497,0.9949280172446778
10261,0.46740111858507694
738,0.9062895106330906
3138,0.4661533580208389
4935,0.44554805480013093
3709,0.3981428442342836
9066,0.4497602188659266
10350,0.5319367470506298
6690,0.4720061675405675
9270,0.5318941375011554
2780,0.9938474101256003
5294,0.3048992951714099
10030,0.4342772632407659
4872,0.4459936271733283
8558,0.533871108395015
4996,0.46489176963256634
5326,0.40778762352564824
10935,0.4815572335740159
4624,0.36495007515346173
5794,0.477899524617358
1399,0.9894016411303331
8509,0.47867487128553565
4567,0.44289577921916395
9070,0.40348920323526705
5093,0.4169298757708782
838,0.9952780993090878
9782,0.42216221193453474
5782,0.4936552270014552
7313,0.35921881484300483
3907,0.4823703888043167
3136,0.4460750094633425
832,0.9951038225971457
2824,0.9927450846881757
10550,0.4469952297623779
6349,0.4186548363511771
246,0.9946503406095997
7982,0.4192440368879964
10638,0.4208050392019159
10382,0.4572232963886739
693,0.9955283344689704
6967,0.38171456656508007
932,0.9936995003668865
5333,0.4032839894223078
7452,0.5006727844298369
1746,0.9940241225891288
10853,0.41784949587659365
498,0.9458225942127646
7743,0.46911521203237244
9661,0.4750567010074466
1625,0.9938004483518353
10197,0.4947774976689824
10509,0.40088629422620964
5753,0.456711204081529
82,0.9944313723461725
8797,0.3834871977412093
3514,0.4598046285979014
369,0.8819032046334855
17,0.8458660426794878
6634,0.43925736810951693
4555,0.4583216967457704
607,0.993895818444528
4329,0.3969596555609347
3808,0.4611575711245657
2073,0.8716067848655823
5249,0.3844922673361939
8576,0.4245713576070901
6525,0.4100698238340698
9898,0.44869511133602924
3677,0.4323074051637887
9589,0.395667308876765
7026,0.5492978949978098
7214,0.5381435694186322
10500,0.44243547851360837
7759,0.449827073983026
2567,0.9927757730368094
3669,0.35437303856496916
127,0.9951038225971457
1299,0.9938059207597334
5855,0.46040983497959886
4792,0.48675332241038194
4861,0.43380253088462917
5440,0.43806349606404793
918,0.918206636885448
3246,0.4091946211818148
1362,0.9952136778675854
2767,0.9946613375310103
6473,0.48106554271077934
93,0.8457579853719313
3631,0.42652704543455744
4982,0.36886947720942165
5748,0.5466341841460332
5306,0.41501868554243543
7519,0.5631924665966664
8682,0.42517907101584806
105,0.9307974390771467
7380,0.41959772444633425
312,0.993689717028919
3484,0.4324324783408062
8070,0.4420583059376973
1888,0.9952060917872694
3914,0.398482043678966
3770,0.40229635429456145
5069,0.43297431176308143
1871,0.9931107555574453
67,0.9948895683886875
3432,0.4139019672400253
9541,0.40480253457601567
8394,0.4580809952987143
6285,0.4258843314768947
1209,0.9931549922934435
4226,0.4980267094688123
1580,0.9933970739756672
7520,0.5941830274667947
2612,0.993545437189891
5046,0.37599033039832674
10966,0.4818148380328798
10507,0.43284304817515007
8455,0.3420250582244362
6565,0.49610632504635604
2343,0.9950196724746783
7390,0.424458804966827
10426,0.4899864027106452
2331,0.9945989065229142
7150,0.3224216517982349
7386,0.5108305430137063
7279,0.40238941676314727
656,0.9939766964258455
10982,0.5013644040679963
1507,0.9950951201640522
5214,0.5407399646217965
1729,0.9109015144120552
3316,0.38986610854150033
10034,0.4388602560813414
5229,0.4448567222856542
4356,0.435595951602985
5400,0.45125288752608345
9765,0.4116258538154392
6971,0.4171928020855556
5338,0.4317351558855186
7797,0.43135737985574973
4384,0.4300973843337907
1260,0.9933491626234653
794,0.9327968135007881
758,0.9283696823889609
2006,0.9948721537324918
10968,0.5249268864132467
4310,0.4142818020932803
9135,0.5355124108942166
8369,0.39706545379364483
10014,0.4630254896663833
2718,0.8552165626927412
10380,0.4039023898496951
7019,0.4221672105920794
1366,0.8560916571431078
7526,0.44729622392834695
9924,0.4575260388337127
6068,0.44432544911855715
3904,0.40303026554439003
3303,0.46562864379655594
1029,0.995351273414509
10717,0.3383853427360972
8554,0.4346406777897792
3272,0.4245273926844267
5084,0.4153207383013955
591,0.9938265766488235
1171,0.9934296831511957
2063,0.9955483872962884
8814,0.47316031819517596
2310,0.9951516413032582
8147,0.40285096285677635
1145,0.9926582110184906
3788,0.3616809409341334
6711,0.4777618468150416
8179,0.4331543441489432
5332,0.4436322157548772
10183,0.47396289716940154
1552,0.9950170619942083
3339,0.4442120783373223
2230,0.9950417973963707
7430,0.42420204734984535
5672,0.3058194980351179
64,0.9936995003668865
3960,0.45703880924371204
3001,0.9942141429064613
9228,0.32274725744744104
2635,0.9944717667912848
5257,0.5496776952535637
5141,0.4011897653848555
9404,0.520927457984435
178,0.9938301353614987
3731,0.6176435448690092
9047,0.4575677695049666
10065,0.4065562136193949
993,0.8470232750503514
10121,0.47419777334145613
5821,0.41349657570245024
3682,0.40229635429456145
9694,0.4975162967418245
10924,0.46079784290952536
3531,0.4443757357201998
2695,0.9919226427496347
1761,0.9934959017312794
4828,0.5900266794484326
4645,0.4112905481105938
8561,0.5033804413464615
6511,0.41498589299825916
10361,0.4422573950996059
6075,0.42985772319093596
3150,0.436796376437367
10574,0.423997334294915
4133,0.4629720040284026
7946,0.432931906862439
2321,0.9929110019599904
9114,0.6136309190540552
1283,0.9951038225971457
8259,0.4816830412823174
6743,0.44128572551408374
2631,0.9950999479780033
7116,0.4266597036260979
5276,0.6530460948457341
1424,0.9929161978773934
1185,0.9932205906086141
3078,0.9934699362333111
941,0.8103076258818375
132,0.9937694520484316
5085,0.42136447329560034
234,0.9948890063275829
8430,0.381802540989304
1133,0.9938788618271066
8795,0.49148265729282226
3769,0.4157872590022417
7951,0.4729445200931504
2756,0.9942542407660399
2243,0.994359236134281
7455,0.7232578350895527
4076,0.43306624763599244
10268,0.4097924807331342
9283,0.3824506566901962
10441,0.4418157902562834
6186,0.7863764225654598
202,0.9933671644138745
1144,0.9948391885200578
5472,0.45093951059706716
8161,0.40751934782655946
371,0.8435404003417423
4116,0.41423822572269214
5373,0.5273874374223639
6137,0.42058326031702503
2929,0.995032538911247
3125,0.9935663149389231
1876,0.9950170619942083
7684,0.6036468823496661
7855,0.4459996088313276
8115,0.41488211526096763
7101,0.4965125420564016
7536,0.4527823251581522
6964,0.4233464002309699
641,0.8484091877297276
6083,0.40180355030508985
806,0.9938272766928675
5393,0.3916148100106188
8160,0.37835655829523734
7140,0.49703667930850737
8266,0.4628584233734219
247,0.8263682475061818
1372,0.9360965033717913
5394,0.40499301704193225
4817,0.46661562998426026
6683,0.4914640003922776
5525,0.2860124484473118
5442,0.4329431754984935
4113,0.39383714138749165
2284,0.9940438515256111
9295,0.380663964999295
4219,0.448147113296098
9256,0.4502044698472264
2038,0.9370372312195905
889,0.9517556614919004
8570,0.4347222769544674
6250,0.45595514540367477
1354,0.9934510253168464
4595,0.4592131726897808
5722,0.5399725957378494
9414,0.4386445122336479
6201,0.6006988611225224
3367,0.5155193560735104
8962,0.464044173307807
3952,0.4179554145558766
9972,0.43930333206106303
6412,0.43270489772642967
9079,0.48702316433984333
3527,0.42781144955064404
557,0.9406529131561492
7437,0.42503461553021893
2997,0.9940319180821321
10096,0.44828390990366634
9365,0.39619450270557455
521,0.993097678635847
3538,0.41959772444633425
9825,0.4263951709407105
1832,0.9945930324343853
1342,0.9461192751549614
144,0.993616963222547
358,0.9942000440489895
4272,0.4166382716351685
1361,0.9948391885200578
3423,0.45482420645978405
6778,0.4451031888968702
5311,0.3759686175720954
8335,0.3360034327799632
1564,0.9928172201351119
2461,0.9461192751549614
130,0.993496185586606
10741,0.6172623395077564
10405,0.48162513559131304
9682,0.4619750407416719
9013,0.40292520344435406
137,0.9943308817948926
4194,0.48610673522755066
4013,0.46990389920301756
10727,0.44962170687343833
4037,0.4754983926990656
1711,0.9952198208532255
10818,0.45889141503541725
2258,0.7879447805586712
7645,0.4142818020932803
8946,0.406194615943515
4739,0.4972319581239791
1933,0.993921461272275
8506,0.389354032312213
3269,0.4508894049477748
8978,0.4647509037152709
6591,0.47287537172843563
8529,0.45260147783844396
5913,0.41546877430532697
6995,0.5158442762437931
7363,0.45215692483796777
8444,0.8784323471106055
1002,0.9953499814705855
4260,0.4038708906610816
10637,0.5464755287303157
2393,0.9285602970381469
2090,0.9944717667912848
5968,0.48706828335222613
8240,0.33533534881449284
10303,0.4593733205020251
7898,0.45297964752323333
1244,0.9916804599373704
6822,0.4809968691636315
1316,0.9945679512686697
292,0.9951521908815935
2329,0.9597808650868607
2894,0.9952198208532255
4337,0.41242952039920233
518,0.994545391841428
873,0.9913742759754619
10865,0.4526145918966496
10029,0.5000000067656879
8163,0.3866480000962502
1977,0.9940539875229052
6482,0.4372657596174089
5925,0.5015459845411347
7756,0.4586798459421139
5407,0.42757078300156226
4115,0.3798948326356223
10808,0.5118203680591411
7586,0.46356114447771546
8879,0.427208976010024
462,0.9946161818163388
1964,0.9949554722340693
9714,0.44571357748059826
6920,0.5258888112480492
935,0.9946096991735442
2608,0.9949280172446778
3892,0.60256994577807
1727,0.9941491544690702
9779,0.4370408690413787
3345,0.426964580623257
6893,0.47950579797214005
3656,0.42752387205717496
4150,0.4164581987697558
9459,0.42815000421017585
1150,0.9945874723639778
3156,0.42636273695219185
842,0.993097678635847
2262,0.9947617975636922
2550,0.9934331723583181
7344,0.39731994382883634
5362,0.3887474494730193
7481,0.5151161436611144
2164,0.9945264589851782
1819,0.8570312604402692
167,0.9917285721352884
5299,0.4889677911196381
3297,0.4537062473971319
8892,0.45737485871389716
9036,0.4141043397289262
6633,0.4819464025306211
8417,0.387305599433312
9754,0.4046581803277786
10270,0.3805963720595968
116,0.9936472789350987
1513,0.9941925059485764
1586,0.9323667011536658
1901,0.9954016933812246
7130,0.5882218880894488
4510,0.4431002375827134
7589,0.37684727718153077
214,0.9946503406095997
2287,0.9945824023015486
7734,0.4702694630626588
10003,0.4374061965007799
4783,0.3855126263504892
6712,0.45902196480615604
4373,0.43481680948689705
6551,0.46128540616371616
6077,0.4305094672601083
8058,0.4349069071050731
5983,0.37813472064706904
2047,0.8919564181552363
1984,0.9947945483443064
3763,0.3920645929391761
7475,0.4819163251065955
3506,0.4098054976587604
9502,0.3561274818642549
7665,0.35473163836195576
3897,0.5090691163977764
10076,0.4592408487596157
8036,0.5222841589622539
2420,0.9950185277402542
7676,0.45517679287834184
7256,0.39262858360134123
10256,0.44494585253406177
675,0.948218154881201
1370,0.7522607043384265
5889,0.36565567934167686
1793,0.9940614099436169
6939,0.5134661889018325
9783,0.43026673093562806
697,0.9919700996663801
5671,0.465033990024564
1488,0.8716584091727038
8210,0.46822535718021774
8197,0.48053221425555565
8470,0.4124033296324178
3520,0.4686832608873232
10749,0.4569444465537711
3374,0.36849844594303743
823,0.9948250127433409
8134,0.4035658334700246
7915,0.38090620955457166
4306,0.44218463143201014
1814,0.9951530805400425
10486,0.3950889193657581
2250,0.9946854702570723
3481,0.4040563496992997
7941,0.3937520802685798
7331,0.43125745736339344
4941,0.4311009849508803
7573,0.45165885526985516
6752,0.5686009945297462
9477,0.4345520786228278
6586,0.3973365110549201
3221,0.4333369474237303
6651,0.36317636306698203
7786,0.4470205818066674
6457,0.43567218164945337
6980,0.5897525187091816
7129,0.4669099461950922
391,0.9947896821435837
4391,0.48013593690913614
1204,0.987648688892332
3273,0.41258356648679634
343,0.9934331723583181
4890,0.43943279993583967
173,0.993895818444528
3978,0.4797680025414766
1355,0.9950660840596626
5526,0.4686431445476805
1995,0.8422851189812609
4521,0.42738795896435594
6372,0.4774353224237304
962,0.9944494560898236
5191,0.34919522749285287
10973,0.44488718210466277
3693,0.4281605026113611
1321,0.9932852630360663
4156,0.42420204734984535
7590,0.4281121603835858
8511,0.4565236900741432
260,0.8220025762488762
194,0.9936090612089902
10558,0.3833553135783334
4853,0.44063387576635593
2796,0.9935156451116042
9136,0.4708976903839278
4803,0.46168999886701245
7939,0.4073885912968303
4505,0.4241184815259085
2261,0.9941069071981284
5152,0.420003336160277
6268,0.4745595224627393
8757,0.3941887148634065
8020,0.567392577270784
4749,0.39922792394859213
9634,0.6122557593700133
438,0.9953236679582481
6571,0.47246735332792406
8626,0.46350830021943745
6727,0.4673381340283202
9685,0.4348263777426898
3738,0.4219159782874844
1320,0.9952060917872694
4436,0.43331549265098956
10604,0.43406705906827686
126,0.9949469572014269
917,0.9942663092700724
7817,0.4607055884434248
5104,0.41428434982078993
8214,0.43248070174894937
6461,0.41188886492094906
8808,0.45104919375140456
2126,0.993502659370386
3233,0.47460877046246003
613,0.9954016933812246
3795,0.3302286891384057
1962,0.9951184121454223
61,0.9949280172446778
1934,0.9324110078583054
9929,0.5303185045116064
10067,0.43765583072287184
1179,0.9928892655108261
4685,0.793708466230093
2120,0.9951038225971457
3901,0.3984321010345937
7370,0.4190295359084644
2960,0.9951038225971457
3694,0.592905238841439
10064,0.4742707711218676
4008,0.44223367888321485
6676,0.41959772444633425
113,0.9935663149389231
6251,0.47322282169600155
2251,0.9948841414716936
574,0.995032538911247
3941,0.44431469939135143
5702,0.3927644054141916
2917,0.9934940975248233
1042,0.9951784571281063
8019,0.4382026693978753
913,0.8491824248051181
5901,0.4294473969994369
150,0.9945657153093419
79,0.9951038225971457
4893,0.44248288513447936
4713,0.44153142195200895
704,0.994639250192878
2149,0.9941428644784968
8438,0.46069270570551957
2816,0.9938272766928675
4134,0.4713609705251452
4544,0.5892663352399748
9549,0.40803070233358296
10401,0.440289836225437
10325,0.4142066345412815
10839,0.38933856998632244
1467,0.9950120026109371
1092,0.9938729984074364
5896,0.49884593206587874
1991,0.9921826892686574
9854,0.4150424048531155
10697,0.3832501047613269
6992,0.4138864122780205
1102,0.9910882519446288
1875,0.9934250099302498
3747,0.44093886939954
4491,0.37335010699599747
5792,0.4477461516864205
6612,0.5263209680352783
3736,0.43530283442570317
5188,0.4441829422913333
561,0.9954648664149797
3794,0.40354821513211814
7468,0.4809306900925229
4457,0.4067845694314757
7847,0.4936140238471488
3922,0.4595389238291297
6195,0.42547206361904927
6360,0.465383071969485
9152,0.5149074253628386
238,0.846699755746647
973,0.9954694685447816
9164,0.48558476432892483
6680,0.4526145918966496
8368,0.4488538274091219
733,0.9953308722009663
8694,0.4152833667495454
7537,0.414054965345665
3016,0.8518712508680163
6100,0.4717919560859867
1357,0.9952060917872694
2168,0.9934940975248233
1464,0.993688843074151
1753,0.9953499814705855
3450,0.38946610339776644
5589,0.36788949629303624
9562,0.4510819284942758
1068,0.9935663149389231
4486,0.41966098902009696
6579,0.6896563262518308
7305,0.5044852446225991
2627,0.9933724018519733
10497,0.4263700830759718
839,0.9929739679523307
6547,0.5625109066806623
4858,0.4349069071050731
1912,0.8977107652864075
3993,0.42078509602976993
4804,0.4513647283901721
1054,0.9924152666219025
4538,0.43202483956763077
7621,0.3274803401458832
4094,0.43561413826645895
4981,0.43239125577862814
7174,0.5614236760804686
10678,0.4088066965933073
4889,0.5245133555948497
8006,0.462022653333527
10664,0.504977149394419
9618,0.4483510502931429
1637,0.9932537287593544
1642,0.9952947732086578
5471,0.49667553925203295
901,0.9944789775290103
7511,0.4483520050237409
822,0.9940622745796209
3791,0.34443713825177835
2776,0.9936995003668865
6055,0.4275054482267511
10756,0.5402829434016098
3663,0.4742725056659519
10954,0.46522642321137125
3394,0.47900108353102505
10066,0.42784100158918
4481,0.385424113370651
3085,0.9938071881621631
10565,0.5151071026406412
3707,0.45884087138341156
2468,0.9937691960068701
10016,0.47608185370071654
9465,0.43764036856036437
7425,0.3571930296274344
7471,0.49876000805857096
9378,0.42565540502803834
6468,0.3988159651181243
3380,0.42860640902198227
169,0.9948381575184307
6334,0.48222222090006117
476,0.9941183946757745
8815,0.46053694180562843
289,0.9935012535990679
3833,0.4151388724711619
1919,0.9956414112878477
3690,0.4679501283941684
9,0.9937012479724944
5171,0.46289124269228715
4096,0.4184291696221997
10216,0.5171638258356679
8647,0.491582192469742
235,0.9933570433211758
1999,0.993895818444528
9761,0.4447557970667041
10774,0.4745595224627393
1033,0.9933778766662233
8751,0.4085162878319848
3428,0.4030931276657534
7160,0.736172052047842
5944,0.4186241858510675
348,0.9951530805400425
3329,0.4279112671376691
10869,0.43221888213178494
1708,0.9948381575184307
9923,0.5212068555994953
7445,0.5089609398103436
5515,0.5236468493596287
8713,0.42169314003013275
6300,0.4712163386310298
5383,0.43084501490340804
10123,0.43084501490340804
761,0.9947945483443064
9561,0.42759018562085216
5793,0.4584648117667841
6814,0.41491959445001586
4883,0.4305094672601083
1303,0.9934510253168464
5164,0.42044070247438314
8917,0.44319623939016983
1557,0.9950796286538031
5156,0.4112288219659537
8654,0.44677750962841056
6129,0.414551165531292
4610,0.41005275342919034
1858,0.8539060483223391
2686,0.9935335506333908
8881,0.43918557676576353
3873,0.28625890757794964
8662,0.43186453138820835
1443,0.9925019643699671
6290,0.43678420152451497
8871,0.46717860154323554
10633,0.4154390904261492
1522,0.9340329231339954
6706,0.38918066793994854
7736,0.4121237944743748
10957,0.46924638483439624
5133,0.390405031634589
6040,0.4363400500816656
493,0.9944764043259025
868,0.9336743570510434
8938,0.4888115384466001
6389,0.4521719723710775
5481,0.42863976890099453
9233,0.5238751869976831
1043,0.9936639065704369
10324,0.4241975443386862
1639,0.9951038225971457
9901,0.41671591001879305
9326,0.3503018844811475
9793,0.44986736125356114
5067,0.4422663006703144
5494,0.5025706528656293
4346,0.4414442857614463
3826,0.4452324994110824
1461,0.9952758515488982
4039,0.4189015601044113
8839,0.4358635500432059
4045,0.4104898366658146
6794,0.43620772361572246
5754,0.5004797107743613
41,0.9949614246344307
9460,0.5127845771436712
10560,0.42636273695219185
4149,0.3658040430755201
3702,0.47406265118253565
4360,0.40267832871105763
4779,0.41849619797204035
10958,0.44281159613449034
2191,0.9955483872962884
4579,0.5042894265979311
8788,0.4372460231932108
4598,0.4405373261151023
4578,0.4475200022037768
10867,0.4413664333560909
5185,0.49430069928793197
5382,0.4095137512659707
10807,0.4675660841951268
5456,0.5056084414908306
530,0.9931045245541855
9275,0.3991882935227274
775,0.9951383920219725
1052,0.9935991383428062
1797,0.9955283344689704
1725,0.8664025870973769
8783,0.5237368218397845
8032,0.4426442111566887
8042,0.46609584086923933
3486,0.35115401389983814
10628,0.4326918079453137
10025,0.4507519602171956
1837,0.9941897000873879
10499,0.4848406444348889
4536,0.4629092997022376
7751,0.5073854958517694
3685,0.46452238377366223
402,0.9947560437156578
1254,0.9951530805400425
802,0.9346867127987778
8750,0.46568118182149604
1463,0.9953891028963192
3220,0.428451856738543
4953,0.43108346131077746
5779,0.44913774802577
777,0.9939532327473158
8656,0.5076253336162102
5215,0.6258524284750637
9393,0.4139314749308436
6276,0.7328194582545631
8088,0.3879945688201951
9300,0.42420204734984535
10155,0.391658420250747
8382,0.4372460231932108
10267,0.34677119575949233
6311,0.46685846446943463
7609,0.4728121470445182
4841,0.4553296996061449
1598,0.9960752068796533
236,0.9939153147302618
9311,0.3809890588681861
6105,0.2529768160116403
10310,0.3959864811956883
4956,0.3416009566755681
1943,0.9939175964020948
4709,0.41190576180206534
97,0.993800830888973
753,0.9935481408898886
7843,0.48440568123816974
9853,0.42653532773486025
1230,0.9941467590591415
7955,0.4679451026801379
6688,0.4188379663516496
3604,0.5311481484364774
1378,0.9953571518950128
8121,0.4366065461577671
2516,0.930890389264496
349,0.9933626184810267
6656,0.4686113251731014
5807,0.4146859465975187
7179,0.3406344438593063
10314,0.31949398152245023
1163,0.9942671970419482
6280,0.518865840621716
3340,0.4006569578783735
8816,0.5517294665548936
4471,0.4018158167978088
10228,0.45874298440777467
6321,0.45260147783844396
9523,0.3861083099996801
8687,0.3924001771057378
253,0.9936090612089902
4819,0.47666359793453694
2319,0.9947424319650341
4896,0.41512173885560416
4469,0.4303384849751483
2112,0.9946539320920497
2856,0.9952550545538662
4101,0.2813907630361406
9798,0.4853198488915294
1638,0.7498510953914674
5603,0.4354467303164117
4305,0.4168010871683749
1982,0.9934510253168464
2417,0.8307619642396583
3058,0.9931264621582576
3463,0.4575103905417108
5876,0.419843587746315
5580,0.40203354440375383
648,0.8908176010695262
326,0.9950170619942083
10870,0.4356531897313251
4375,0.44762597622786765
2000,0.9950170619942083
8077,0.4395099429761553
2480,0.9949734312057078
